1,0.278689032,0.49007175,0.5,0.337716875
2,0.257112579,0.49007175,0.5,0.337716875
3,0.256409053,0.49007175,0.5,0.337716875
4,0.254918969,0.49007175,0.5,0.337716875
5,0.254497495,0.49007175,0.5,0.337716875
6,0.253234968,0.49007175,0.5,0.337716875
7,0.253407063,0.49007175,0.5,0.337716875
8,0.25352759,0.49007175,0.5,0.337716875
9,0.254112736,0.49007174,0.5,0.337716875
10,0.253202374,0.490071749,0.5,0.337716875
11,0.252601078,0.49007175,0.5,0.337716875
12,0.252887099,0.49007175,0.5,0.337716875
13,0.252771412,0.49007175,0.5,0.337716875
14,0.252759988,0.49007175,0.5,0.337716875
15,0.252975275,0.49007175,0.5,0.337716875
16,0.252794883,0.49007175,0.5,0.337716875
17,0.253057066,0.49007175,0.5,0.337716875
18,0.253251912,0.490071749,0.5,0.337716875
19,0.252626447,0.49007175,0.5,0.337716875
20,0.252278587,0.490071722,0.5,0.337716875
21,0.252403766,0.49007175,0.5,0.337716875
22,0.252492429,0.49007175,0.5,0.337716875
23,0.252499697,0.49007175,0.5,0.337716875
24,0.253017295,0.49007175,0.5,0.337716875
25,0.253136356,0.49007175,0.5,0.337716875
26,0.25279177,0.49007175,0.5,0.337716875
27,0.252471995,0.49007175,0.5,0.337716875
28,0.252566924,0.49007175,0.5,0.337716875
29,0.251767278,0.49007175,0.5,0.337716875
30,0.253364805,0.49007175,0.5,0.337716875
31,0.252831653,0.49007175,0.5,0.337716875
32,0.252078237,0.49007175,0.5,0.337716875
33,0.25236218,0.49007175,0.5,0.337716875
34,0.252583998,0.490071744,0.5,0.337716875
35,0.252269574,0.49007175,0.5,0.337716875
36,0.252308844,0.49007175,0.5,0.337716875
37,0.252112187,0.49007175,0.5,0.337716875
38,0.252144714,0.49007175,0.5,0.337716875
39,0.252785443,0.49007175,0.5,0.337716875
40,0.252451374,0.49007175,0.5,0.337716875
41,0.252287534,0.49007175,0.5,0.337716875
42,0.252497679,0.49007175,0.5,0.337716875
43,0.252206518,0.490071745,0.5,0.337716875
44,0.252132543,0.49007175,0.5,0.337716875
45,0.252492499,0.49007175,0.5,0.337716875
46,0.252571269,0.49007175,0.5,0.337716875
47,0.252336962,0.490071687,0.5,0.337716875
48,0.252248639,0.49007175,0.5,0.337716875
49,0.252227367,0.49007175,0.5,0.337716875
50,0.252223159,0.49007175,0.5,0.337716875
51,0.252469997,0.490071684,0.5,0.337716875
52,0.252354256,0.490071708,0.5,0.337716875
53,0.25265029,0.49007175,0.5,0.337716875
54,0.252186815,0.490071749,0.5,0.337716875
55,0.252291849,0.49007175,0.5,0.337716875
56,0.252124809,0.49007175,0.5,0.337716875
57,0.252646147,0.49007175,0.5,0.337716875
58,0.252090824,0.49007175,0.5,0.337716875
59,0.252077853,0.49007175,0.5,0.337716875
60,0.252579026,0.490071729,0.5,0.337716875
61,0.251740786,0.49007175,0.5,0.337716875
62,0.25189891,0.49007175,0.5,0.337716875
63,0.251981975,0.490071717,0.5,0.337716875
64,0.252777433,0.49007175,0.5,0.337716875
65,0.252484132,0.49007175,0.5,0.337716875
66,0.251884947,0.490071654,0.5,0.337716875
67,0.25209948,0.490071673,0.5,0.337716875
68,0.252303467,0.49007175,0.5,0.337716875
69,0.252626242,0.49007175,0.5,0.337716875
70,0.252328352,0.490071661,0.5,0.337716875
71,0.252634968,0.49007175,0.5,0.337716875
72,0.252161121,0.49007175,0.5,0.337716875
73,0.252177363,0.490071755,0.5,0.337716875
74,0.251816781,0.490071749,0.5,0.337716875
75,0.25231111,0.49007175,0.5,0.337716875
76,0.251438781,0.49007175,0.5,0.337716875
77,0.252684838,0.49007175,0.5,0.337716875
78,0.252320489,0.490071666,0.5,0.337716875
79,0.252408,0.490071749,0.5,0.337716875
80,0.251957413,0.49007175,0.5,0.337716875
81,0.25271753,0.49007175,0.5,0.337716875
82,0.251829104,0.49007175,0.5,0.337716875
83,0.25202865,0.490071666,0.5,0.337716875
84,0.252604159,0.490071753,0.5,0.337716875
85,0.251754561,0.49007167,0.5,0.337716875
86,0.252094513,0.49007175,0.5,0.337716875
87,0.252128339,0.490071739,0.5,0.337716875
88,0.252207116,0.49007175,0.5,0.337716875
89,0.252340594,0.49007175,0.5,0.337716875
90,0.252826527,0.49007175,0.5,0.337716875
91,0.252097743,0.490071668,0.5,0.337716875
92,0.252256386,0.490071735,0.5,0.337716875
93,0.252327177,0.490071749,0.5,0.337716875
94,0.251830163,0.490071749,0.5,0.337716875
95,0.252232043,0.490071753,0.5,0.337716875
96,0.252263552,0.49007175,0.5,0.337716875
97,0.252359214,0.49007175,0.5,0.337716875
98,0.251709133,0.49007175,0.5,0.337716875
99,0.252311655,0.490071761,0.5,0.337716875
100,0.251937732,0.49007175,0.5,0.337716875
101,0.251584197,0.49007175,0.5,0.337716875
102,0.252152751,0.49007175,0.5,0.337716875
103,0.251710165,0.49007175,0.5,0.337716875
104,0.252057117,0.49007175,0.5,0.337716875
105,0.252282074,0.49007175,0.5,0.337716875
106,0.251871437,0.49007175,0.5,0.337716875
107,0.252231459,0.49007175,0.5,0.337716875
108,0.251989381,0.49007175,0.5,0.337716875
109,0.252009109,0.49007175,0.5,0.337716875
110,0.252346798,0.49007175,0.5,0.337716875
111,0.251691399,0.490071809,0.5,0.337716875
112,0.252045518,0.49007175,0.5,0.337716875
113,0.251903612,0.49007175,0.5,0.337716875
114,0.251904744,0.490071722,0.5,0.337716875
115,0.252281641,0.49007175,0.5,0.337716875
116,0.25164365,0.490071749,0.5,0.337716875
117,0.252260582,0.49007175,0.5,0.337716875
118,0.251796617,0.49007175,0.5,0.337716875
119,0.252425048,0.49007175,0.5,0.337716875
120,0.251832918,0.490071661,0.5,0.337716875
121,0.251850322,0.49007175,0.5,0.337716875
122,0.251848496,0.49007175,0.5,0.337716875
123,0.252028644,0.49007175,0.5,0.337716875
124,0.255739151,0.49007171,0.5,0.337716875
125,0.253011988,0.49007175,0.5,0.337716875
126,0.252612888,0.49007175,0.5,0.337716875
127,0.252574495,0.49007175,0.5,0.337716875
128,0.252405251,0.49007175,0.5,0.337716875
129,0.252583213,0.490071735,0.5,0.337716875
130,0.252062071,0.490071745,0.5,0.337716875
131,0.252619771,0.49007175,0.5,0.337716875
132,0.25230515,0.49007175,0.5,0.337716875
133,0.252468717,0.49007175,0.5,0.337716875
134,0.25220084,0.49007175,0.5,0.337716875
135,0.252586663,0.49007175,0.5,0.337716875
136,0.25262645,0.49007175,0.5,0.337716875
137,0.252346842,0.49007175,0.5,0.337716875
138,0.252362936,0.49007175,0.5,0.337716875
139,0.251968747,0.49007175,0.5,0.337716875
140,0.252541443,0.49007175,0.5,0.337716875
141,0.252567344,0.490071693,0.5,0.337716875
142,0.252063781,0.49007175,0.5,0.337716875
143,0.251638547,0.49007175,0.5,0.337716875
144,0.252565716,0.49007175,0.5,0.337716875
145,0.251955893,0.49007175,0.5,0.337716875
146,0.25234324,0.490071655,0.5,0.337716875
147,0.25155543,0.49007175,0.5,0.337716875
148,0.252044933,0.49007175,0.5,0.337716875
149,0.252173961,0.49007175,0.5,0.337716875
150,0.251565537,0.49007175,0.5,0.337716875
151,0.251722998,0.49007175,0.5,0.337716875
152,0.252107471,0.49007175,0.5,0.337716875
153,0.251805128,0.49007175,0.5,0.337716875
154,0.252047132,0.490071757,0.5,0.337716875
155,0.252402992,0.49007175,0.5,0.337716875
156,0.252265402,0.49007175,0.5,0.337716875
157,0.251689909,0.49007175,0.5,0.337716875
158,0.252181154,0.490071683,0.5,0.337716875
159,0.251615148,0.49007175,0.5,0.337716875
160,0.252583355,0.49007175,0.5,0.337716875
161,0.252349759,0.49007175,0.5,0.337716875
162,0.252299194,0.49007175,0.5,0.337716875
163,0.25217523,0.490071748,0.5,0.337716875
164,0.251691328,0.49007175,0.5,0.337716875
165,0.251884614,0.49007175,0.5,0.337716875
166,0.251372397,0.49007175,0.5,0.337716875
167,0.252231528,0.490071743,0.5,0.337716875
168,0.251711366,0.49007175,0.5,0.337716875
169,0.252239531,0.49007175,0.5,0.337716875
170,0.252087143,0.49007175,0.5,0.337716875
171,0.252165476,0.49007175,0.5,0.337716875
172,0.251712273,0.49007175,0.5,0.337716875
173,0.251900536,0.49007175,0.5,0.337716875
174,0.252005881,0.490071703,0.5,0.337716875
175,0.252625758,0.49007175,0.5,0.337716875
176,0.252267205,0.49007175,0.5,0.337716875
177,0.252014587,0.49007175,0.5,0.337716875
178,0.251473012,0.49007175,0.5,0.337716875
179,0.252076432,0.49007175,0.5,0.337716875
180,0.251926885,0.49007175,0.5,0.337716875
181,0.251884206,0.49007175,0.5,0.337716875
182,0.25200436,0.49007175,0.5,0.337716875
183,0.25223507,0.49007175,0.5,0.337716875
184,0.25230496,0.49007175,0.5,0.337716875
185,0.252048311,0.490071683,0.5,0.337716875
186,0.251675904,0.49007175,0.5,0.337716875
187,0.252103858,0.49007175,0.5,0.337716875
188,0.251983987,0.49007175,0.5,0.337716875
189,0.251635283,0.49007175,0.5,0.337716875
190,0.252449098,0.49007175,0.5,0.337716875
191,0.251954519,0.49007175,0.5,0.337716875
192,0.252490854,0.49007175,0.5,0.337716875
193,0.251996966,0.49007175,0.5,0.337716875
194,0.252361551,0.49007175,0.5,0.337716875
195,0.252252635,0.49007175,0.5,0.337716875
196,0.252543531,0.49007175,0.5,0.337716875
197,0.252168078,0.49007175,0.5,0.337716875
198,0.251599828,0.49007175,0.5,0.337716875
199,0.252039436,0.49007175,0.5,0.337716875
200,0.251692148,0.49007175,0.5,0.337716875
201,0.251861137,0.49007175,0.5,0.337716875
202,0.251321784,0.49007175,0.5,0.337716875
203,0.252148083,0.49007175,0.5,0.337716875
204,0.251977177,0.49007175,0.5,0.337716875
205,0.252170286,0.49007175,0.5,0.337716875
206,0.252221809,0.49007175,0.5,0.337716875
207,0.251880365,0.490071666,0.5,0.337716875
208,0.25235589,0.49007175,0.5,0.337716875
209,0.251782179,0.49007175,0.5,0.337716875
210,0.252372276,0.49007175,0.5,0.337716875
211,0.251580607,0.490071733,0.5,0.337716875
212,0.251725837,0.49007175,0.5,0.337716875
213,0.252038858,0.49007175,0.5,0.337716875
214,0.252043149,0.49007175,0.5,0.337716875
215,0.251691713,0.49007175,0.5,0.337716875
216,0.25154239,0.490071655,0.5,0.337716875
217,0.251866066,0.49007175,0.5,0.337716875
218,0.25170126,0.49007175,0.5,0.337716875
219,0.251903923,0.490071748,0.5,0.337716875
220,0.251780551,0.490071668,0.5,0.337716875
221,0.252143302,0.49007175,0.5,0.337716875
222,0.252335334,0.49007175,0.5,0.337716875
223,0.251385071,0.490071818,0.5,0.337716875
224,0.252215252,0.49007175,0.5,0.337716875
225,0.251864585,0.490071734,0.5,0.337716875
226,0.252107512,0.49007175,0.5,0.337716875
227,0.252245118,0.490071757,0.5,0.337716875
228,0.251701648,0.490071749,0.5,0.337716875
229,0.251677438,0.49007175,0.5,0.337716875
230,0.252108846,0.490071655,0.5,0.337716875
231,0.251663058,0.490071755,0.5,0.337716875
232,0.252295392,0.49007175,0.5,0.337716875
233,0.251791698,0.49007175,0.5,0.337716875
234,0.251828935,0.49007175,0.5,0.337716875
235,0.251474831,0.49007166,0.5,0.337716875
236,0.251632869,0.49007175,0.5,0.337716875
237,0.251791573,0.49007175,0.5,0.337716875
238,0.251741443,0.490071745,0.5,0.337716875
239,0.251507094,0.490071783,0.5,0.337716875
240,0.251892705,0.490071771,0.5,0.337716875
241,0.25209509,0.49007175,0.5,0.337716875
242,0.251919853,0.49007175,0.5,0.337716875
243,0.251449307,0.490071792,0.5,0.337716875
244,0.251561037,0.49007175,0.5,0.337716875
245,0.251714599,0.49007175,0.5,0.337716875
246,0.252108885,0.49007175,0.5,0.337716875
247,0.252272878,0.490071649,0.5,0.337716875
248,0.251914596,0.49007175,0.5,0.337716875
249,0.251988904,0.49007175,0.5,0.337716875
250,0.25204049,0.49007175,0.5,0.337716875
251,0.251510831,0.49007175,0.5,0.337716875
252,0.251659474,0.490071654,0.5,0.337716875
253,0.251920875,0.490071725,0.5,0.337716875
254,0.252087571,0.49007175,0.5,0.337716875
255,0.251734354,0.49007175,0.5,0.337716875
256,0.251432517,0.490071654,0.5,0.337716875
257,0.25199845,0.49007175,0.5,0.337716875
258,0.252016497,0.49007175,0.5,0.337716875
259,0.251652491,0.490071691,0.5,0.337716875
260,0.251906338,0.490071656,0.5,0.337716875
261,0.251737981,0.490071847,0.5,0.337716875
262,0.251748006,0.490071666,0.5,0.337716875
263,0.251414741,0.49007175,0.5,0.337716875
264,0.251829582,0.49007175,0.5,0.337716875
265,0.251487084,0.49007175,0.5,0.337716875
266,0.251798225,0.49007175,0.5,0.337716875
267,0.251926048,0.49007175,0.5,0.337716875
268,0.251437035,0.49007175,0.5,0.337716875
269,0.251849918,0.49007175,0.5,0.337716875
270,0.251900303,0.49007175,0.5,0.337716875
271,0.251561716,0.49007175,0.5,0.337716875
272,0.25145142,0.490071828,0.5,0.337716875
273,0.25162397,0.49007175,0.5,0.337716875
274,0.251315389,0.490071787,0.5,0.337716875
275,0.251722309,0.490071654,0.5,0.337716875
276,0.251882713,0.49007175,0.5,0.337716875
277,0.252020377,0.49007175,0.5,0.337716875
278,0.251698971,0.49007175,0.5,0.337716875
279,0.251705368,0.49007166,0.5,0.337716875
280,0.251562359,0.49007175,0.5,0.337716875
281,0.251710228,0.49007175,0.5,0.337716875
282,0.251805163,0.490071752,0.5,0.337716875
283,0.252039173,0.49007175,0.5,0.337716875
284,0.251868897,0.49007175,0.5,0.337716875
285,0.251878629,0.490071654,0.5,0.337716875
286,0.251985742,0.49007175,0.5,0.337716875
287,0.251667895,0.490071847,0.5,0.337716875
288,0.251331318,0.490071845,0.5,0.337716875
289,0.251837638,0.49007175,0.5,0.337716875
290,0.251845359,0.490071654,0.5,0.337716875
291,0.251965168,0.49007175,0.5,0.337716875
292,0.251802202,0.490071847,0.5,0.337716875
293,0.251689343,0.49007175,0.5,0.337716875
294,0.252112359,0.49007175,0.5,0.337716875
295,0.252132363,0.49007175,0.5,0.337716875
296,0.251570117,0.49007175,0.5,0.337716875
297,0.251944664,0.49007175,0.5,0.337716875
298,0.251335554,0.49007175,0.5,0.337716875
299,0.251856463,0.49007175,0.5,0.337716875
300,0.251767961,0.49007175,0.5,0.337716875
,,,,
,,,,
,,,,
1,0.240842228,0.231357436,0.509717038,0.359466168
2,0.218449268,0.216084024,0.517554787,0.376298619
3,0.202708659,0.209612802,0.535445545,0.418768837
4,0.185036925,0.203064282,0.537722863,0.419674341
5,0.168664576,0.190210211,0.548861497,0.443103245
6,0.150744424,0.194696067,0.57499678,0.496179948
7,0.133274845,0.186932048,0.614698369,0.563180805
8,0.114784902,0.193805909,0.642602361,0.607925616
9,0.10023438,0.188904427,0.634390982,0.596026182
10,0.087918547,0.195541199,0.66503873,0.641166066
11,0.074642528,0.198401478,0.648885652,0.620306688
12,0.064355192,0.20489489,0.688483291,0.672982076
13,0.057551767,0.206402927,0.683842476,0.668294934
14,0.050413293,0.220028108,0.691076414,0.679847154
15,0.045759146,0.221648751,0.688253108,0.675881165
16,0.041196942,0.210584235,0.69898285,0.687482913
17,0.03545434,0.22707158,0.702654969,0.694248592
18,0.032385432,0.206552447,0.684357714,0.667644992
19,0.029401742,0.228171659,0.689780771,0.678739263
20,0.027902848,0.219656849,0.70632525,0.697154915
21,0.026078072,0.21338974,0.697260545,0.685327742
22,0.023270255,0.216857042,0.701211368,0.691201139
23,0.0222461,0.2048972,0.681297875,0.662515552
24,0.021249175,0.219985773,0.70371859,0.69384526
25,0.01969128,0.232588729,0.710368881,0.703283848
26,0.018707817,0.220879252,0.707180971,0.697221225
27,0.017327721,0.22396247,0.702862869,0.693779747
28,0.015933164,0.218939601,0.700324897,0.688937183
29,0.015302593,0.222972529,0.709232618,0.70056942
30,0.014873933,0.223786866,0.70669225,0.697721176
31,0.013950971,0.22908095,0.709438122,0.701847419
32,0.013781366,0.227023246,0.706351766,0.697329331
33,0.012945636,0.224441328,0.703758365,0.694116471
34,0.012354408,0.227853327,0.710477343,0.702269216
35,0.011758298,0.227681589,0.707269267,0.698735557
36,0.011218214,0.235718611,0.708922885,0.702054717
37,0.010905875,0.230704067,0.713240986,0.7056162
38,0.010683977,0.228604121,0.706700996,0.69866635
39,0.010391581,0.223718193,0.703561607,0.693738642
40,0.009745472,0.222919155,0.703037623,0.693054987
41,0.009612394,0.22995824,0.704565286,0.6957381
42,0.009495686,0.234517593,0.710729252,0.703783936
43,0.00880687,0.228611426,0.708591426,0.700042735
44,0.008576639,0.223283449,0.705334828,0.695228438
45,0.008314776,0.225246937,0.705642166,0.695394382
46,0.008145497,0.233928782,0.708016525,0.69993171
47,0.008014827,0.224280979,0.704333265,0.694178708
48,0.007513513,0.226365556,0.706278845,0.696846483
49,0.007082704,0.222966907,0.697057158,0.684874411
50,0.007225411,0.239777572,0.709440239,0.7026684
51,0.00679631,0.230669531,0.703988269,0.694714022
52,0.00678876,0.225020467,0.703488686,0.693234591
53,0.006781809,0.236087525,0.706694367,0.69862515
54,0.006483631,0.233156988,0.703530578,0.694476493
55,0.006135103,0.231772529,0.702913785,0.693175806
56,0.006130391,0.242640028,0.701142681,0.692621338
57,0.007162799,0.231078188,0.707550088,0.698742924
58,0.005849446,0.227344965,0.70503412,0.695107101
59,0.006111832,0.225295266,0.694503531,0.681847755
60,0.005604589,0.22686073,0.700437593,0.689755192
61,0.005173147,0.241132885,0.709917818,0.703053492
62,0.00520873,0.237042099,0.703243127,0.694432004
63,0.005271948,0.246342423,0.706342742,0.699013414
64,0.005382672,0.235498066,0.70724275,0.69856576
65,0.004822654,0.223140247,0.695255302,0.682076162
66,0.004517367,0.225219646,0.695779286,0.68278999
67,0.004516329,0.239612977,0.705568966,0.697677359
68,0.004377696,0.243285731,0.707494659,0.700126376
69,0.004272326,0.23638966,0.703150319,0.693820139
70,0.004102241,0.241221285,0.704003645,0.695722269
71,0.00455428,0.239360237,0.701671177,0.692406176
72,0.004495542,0.231874348,0.700948318,0.690351579
73,0.00390838,0.244187431,0.706433433,0.698727218
74,0.003951663,0.238713401,0.701867935,0.692778488
75,0.003648657,0.240644355,0.708540509,0.700596162
76,0.003476636,0.244227861,0.711049848,0.704052996
77,0.003544902,0.238565497,0.701133935,0.691638437
78,0.003257251,0.233999629,0.700497255,0.690178052
79,0.003546565,0.252541818,0.706939646,0.700096049
80,0.003673925,0.229989315,0.698178046,0.686825569
81,0.003378305,0.246064146,0.708379013,0.701285519
82,0.00339207,0.243618682,0.707762221,0.700073721
83,0.003196353,0.234258992,0.704092219,0.694465653
84,0.003019792,0.247777548,0.707246984,0.700287983
85,0.003378642,0.256146868,0.701925202,0.694874395
86,0.003696047,0.249107263,0.70737745,0.700247716
87,0.003294491,0.230313587,0.700789218,0.689194472
88,0.00328896,0.23309819,0.698001175,0.686576513
89,0.003868999,0.24542585,0.715836504,0.709528293
90,0.00334304,0.240427889,0.705586737,0.696910931
91,0.003360361,0.241663876,0.704547516,0.696513235
92,0.00324893,0.238667916,0.705129045,0.696665212
93,0.002604794,0.234748446,0.707766734,0.699236261
94,0.00245854,0.239653115,0.708323863,0.700113705
95,0.002503705,0.234342719,0.708518505,0.699573002
96,0.002436303,0.238315013,0.704198286,0.69517324
97,0.002548079,0.241886747,0.708303976,0.699988874
98,0.002929947,0.248786726,0.70467347,0.697282611
99,0.002662997,0.248913669,0.714507716,0.708184235
100,0.002729297,0.238277351,0.711138423,0.702923122
101,0.003336008,0.245512117,0.712582024,0.705781121
102,0.003325568,0.239850383,0.70529717,0.695932464
103,0.00308445,0.249073414,0.70188994,0.693820031
104,0.002768607,0.246242232,0.713231962,0.707131862
105,0.002872297,0.260557091,0.713727033,0.708998802
106,0.002275038,0.246169679,0.708920768,0.701227011
107,0.002182414,0.236069464,0.708755038,0.7001956
108,0.001900971,0.245573511,0.711383702,0.70439893
109,0.001849771,0.252002323,0.705341179,0.697974932
110,0.001760362,0.252680973,0.713952704,0.708107227
111,0.002070732,0.243596256,0.708009896,0.699890457
112,0.001817377,0.25416546,0.711752819,0.705707096
113,0.001986018,0.260651961,0.709311889,0.703464509
114,0.002010418,0.256309253,0.700616302,0.693648324
115,0.002309641,0.249360198,0.707403967,0.700402944
116,0.001767373,0.241796046,0.703446515,0.69484179
117,0.00174218,0.264578962,0.710775378,0.70617345
118,0.001921263,0.251752113,0.708642064,0.702012927
119,0.001796746,0.249873585,0.713912928,0.70789329
120,0.001813448,0.252657818,0.70785503,0.700629989
121,0.002394253,0.257141512,0.7155578,0.710194317
122,0.002269209,0.251238811,0.711987236,0.705503041
123,0.001811553,0.233585314,0.70923713,0.69967868
124,0.001750782,0.247135055,0.705031724,0.696930557
125,0.001641227,0.250295894,0.710368881,0.703283848
126,0.001848865,0.269885727,0.703174162,0.698016038
127,0.002954301,0.24755694,0.715449616,0.708888004
128,0.003106786,0.248586338,0.704129599,0.696503002
129,0.002946136,0.25360236,0.704392649,0.697252055
130,0.002981862,0.250826854,0.704229037,0.697098721
131,0.00349929,0.26141549,0.715367671,0.709902621
132,0.002775439,0.249299374,0.716243279,0.710270345
133,0.001920743,0.249328632,0.713446491,0.706814803
134,0.001691746,0.252013473,0.712570882,0.706478523
135,0.001568814,0.256028511,0.709192564,0.702810695
136,0.001321844,0.25032869,0.711096252,0.704320376
137,0.001266808,0.246453098,0.710486089,0.703164431
138,0.001434973,0.268560407,0.712712212,0.707905377
139,0.001234615,0.254060312,0.714313075,0.708592587
140,0.001027998,0.251954677,0.709289885,0.702590416
141,0.001225335,0.248835578,0.708666463,0.701358016
142,0.002307991,0.27861866,0.71817744,0.715090153
143,0.002826026,0.252943469,0.708522738,0.701322174
144,0.00252003,0.253112365,0.712398523,0.70551316
145,0.002705405,0.256829237,0.718646551,0.71303325
146,0.002044023,0.253708177,0.70932966,0.702815903
147,0.001994857,0.263427869,0.703616478,0.697503616
148,0.002145019,0.268653306,0.712614891,0.70807291
149,0.001537709,0.244132176,0.707165317,0.698959874
150,0.001548531,0.257410078,0.717521151,0.712052635
151,0.001465309,0.253236989,0.707850517,0.701393596
152,0.001663472,0.252007734,0.710939269,0.704204396
153,0.001321907,0.246963752,0.708810188,0.701393046
154,0.001250768,0.254886425,0.716068525,0.710760931
155,0.001239309,0.250405687,0.713603474,0.706931327
156,0.001259166,0.242275549,0.700112484,0.690456833
157,0.001609276,0.263069982,0.709548423,0.704006296
158,0.002871856,0.262142491,0.715088967,0.710498186
159,0.003741207,0.266642123,0.720399607,0.716436325
160,0.002761853,0.25813605,0.710881723,0.704645596
161,0.00212055,0.251423515,0.712177365,0.705805157
162,0.002087203,0.274597742,0.720191707,0.716650309
163,0.001943778,0.251540663,0.713355799,0.707067977
164,0.001351876,0.265410323,0.718513689,0.714328472
165,0.001152115,0.270830182,0.717434693,0.713539687
166,0.001108085,0.264144447,0.719285348,0.714890458
167,0.001115713,0.259873032,0.71947336,0.714529498
168,0.00079892,0.263518929,0.712049015,0.706567377
169,0.000817721,0.265094456,0.712201486,0.707341981
170,0.000801667,0.254648359,0.712891478,0.706750907
171,0.000939658,0.274136362,0.712935487,0.708351487
172,0.001342865,0.256900135,0.713592333,0.707620321
173,0.001317126,0.263511948,0.718104797,0.712990649
174,0.001551172,0.254665966,0.717461488,0.711741083
175,0.001269897,0.267325694,0.710145327,0.705017831
176,0.001162818,0.254047657,0.714063283,0.707975729
177,0.00092057,0.272861367,0.721148982,0.718018523
178,0.001321693,0.257959276,0.720777749,0.716384938
179,0.001338611,0.262381462,0.721354766,0.717251654
180,0.000909986,0.253740884,0.716198992,0.710745285
181,0.002251681,0.277813721,0.719775907,0.717006255
182,0.001547923,0.276795713,0.716468393,0.713223017
183,0.001031544,0.253724836,0.714326333,0.708662606
184,0.000740562,0.258232463,0.713287112,0.708127743
185,0.000900708,0.264801964,0.715318871,0.710969459
186,0.000729578,0.260613808,0.715480367,0.710476003
187,0.000696678,0.258423297,0.716395751,0.711070745
188,0.001119808,0.265310028,0.708606522,0.70328623
189,0.001276944,0.256155427,0.720888328,0.716288947
190,0.000777055,0.260275103,0.715730159,0.711055348
191,0.000846749,0.263535259,0.717321997,0.713022962
192,0.000774264,0.258151087,0.717127634,0.711396688
193,0.000635268,0.263432133,0.721171265,0.717004636
194,0.000621839,0.264347201,0.717505497,0.713271335
195,0.001081149,0.260675236,0.718301556,0.713311414
196,0.000793115,0.255285174,0.713632108,0.7078336
197,0.000940325,0.259549465,0.715210688,0.709782149
198,0.000890576,0.272126536,0.721953787,0.718747148
199,0.000617335,0.258328378,0.70995971,0.704045939
200,0.000825851,0.273386216,0.717611564,0.713755075
201,0.001369498,0.279437977,0.715610555,0.712273733
202,0.003635744,0.270829716,0.701268357,0.695766095
203,0.003836972,0.258396623,0.712252403,0.706928006
204,0.002224449,0.252619316,0.706382517,0.699248973
205,0.001596399,0.26102786,0.716327063,0.712027293
206,0.001657811,0.259145821,0.715878396,0.710469869
207,0.001837658,0.253477647,0.717965584,0.712275112
208,0.001606681,0.265510426,0.722462395,0.718751643
209,0.00107185,0.257366013,0.719807215,0.714872818
210,0.001321349,0.257378705,0.708491709,0.701934262
211,0.001649787,0.275481048,0.719702986,0.71671603
212,0.001448959,0.263295797,0.720280282,0.71588674
213,0.001089641,0.254071007,0.693183211,0.684627957
214,0.002080082,0.260856148,0.716888705,0.712206879
215,0.000951067,0.254430862,0.712519966,0.706927146
216,0.000623261,0.264246605,0.723030666,0.718992232
217,0.000632767,0.260373121,0.719095219,0.714609455
218,0.000619154,0.270086793,0.716793501,0.712975272
219,0.000556663,0.275751032,0.722707675,0.719778559
220,0.000497277,0.252324561,0.715372183,0.709210692
221,0.000710075,0.255192144,0.71679378,0.711052292
222,0.000909448,0.260609927,0.713240708,0.707890615
223,0.000908794,0.270139465,0.710563244,0.705106853
224,0.001725433,0.267857991,0.702166248,0.694666363
225,0.003638446,0.270700988,0.718462773,0.714682736
226,0.001954879,0.27115514,0.710357461,0.706056379
227,0.001265179,0.261327559,0.718131314,0.713123252
228,0.000847527,0.25770492,0.720698198,0.716005895
229,0.000805654,0.256743202,0.710945898,0.704242187
230,0.000853715,0.263721042,0.71471985,0.70931777
231,0.000659354,0.258159475,0.727828464,0.723759011
232,0.000720186,0.266515872,0.72205562,0.718086006
233,0.000791005,0.266581916,0.723437442,0.719659922
234,0.001990263,0.267546261,0.718683931,0.714514828
235,0.001634332,0.258436264,0.721268586,0.716852004
236,0.001135598,0.263163267,0.715887142,0.711178435
237,0.00125781,0.266846534,0.716099276,0.71217315
238,0.000831064,0.260842697,0.718067139,0.713454651
239,0.001605277,0.275944176,0.710390607,0.706211793
240,0.001325188,0.257807871,0.714005737,0.708388239
241,0.001180547,0.254530878,0.706795921,0.700056869
242,0.000802714,0.26159951,0.720176332,0.716008601
243,0.000929939,0.24839854,0.712347607,0.705996117
244,0.000758115,0.267498781,0.724007829,0.720474791
245,0.000522391,0.258167932,0.721476486,0.716589418
246,0.000562258,0.267033725,0.724458892,0.720771946
247,0.000577089,0.260399246,0.723545904,0.718968749
248,0.000638588,0.275034469,0.715623813,0.71232973
249,0.000976295,0.26013082,0.717757684,0.712580309
250,0.001220477,0.273278463,0.71139217,0.707237231
251,0.000832644,0.28693964,0.725400514,0.723050869
252,0.001273138,0.271590651,0.71998169,0.716292323
253,0.001410776,0.270141638,0.718542323,0.715030362
254,0.000928081,0.265725761,0.723536879,0.720090311
255,0.000665936,0.265146142,0.725343247,0.721839994
256,0.001147994,0.270329384,0.713105729,0.708538726
257,0.001565399,0.255684885,0.715814221,0.710819244
258,0.001041753,0.258264728,0.708931631,0.702868717
259,0.001014943,0.252390128,0.71035111,0.70396269
260,0.000752062,0.267671925,0.718639644,0.714897468
261,0.00040385,0.266343407,0.71635358,0.712150898
262,0.000436865,0.265677623,0.715460479,0.710376377
263,0.000526205,0.264410689,0.717777572,0.712680432
264,0.001047286,0.269071338,0.71979819,0.716048707
265,0.000992501,0.266479346,0.718175323,0.714545509
266,0.001007607,0.273518042,0.715380651,0.711833356
267,0.001280609,0.281220279,0.721551245,0.71911073
268,0.000568669,0.26893723,0.725920264,0.722672156
269,0.000461663,0.279768465,0.72525016,0.722941774
270,0.000475192,0.270768934,0.722491029,0.719407795
271,0.000644576,0.272606534,0.717496473,0.714354786
272,0.000651283,0.273867327,0.719846711,0.716792123
273,0.001651032,0.26542072,0.719378156,0.715320459
274,0.0008361,0.264588839,0.717708885,0.713610672
275,0.00064862,0.270230728,0.721626562,0.718433878
276,0.000613156,0.268737771,0.714239875,0.710188287
277,0.00082687,0.279552437,0.72438118,0.722395341
278,0.000838042,0.271714806,0.715217038,0.711677223
279,0.000557862,0.277209251,0.727069785,0.724747861
280,0.000453329,0.275237734,0.72555538,0.722710175
281,0.00056432,0.274814589,0.725287818,0.722627876
282,0.000708884,0.287804362,0.719470686,0.717234939
283,0.000995676,0.267609157,0.721593416,0.718296002
284,0.000988797,0.265175002,0.720364344,0.715662907
285,0.000798706,0.283323186,0.726625352,0.724442111
286,0.000633727,0.291183227,0.724239572,0.722693885
287,0.000585114,0.270414241,0.7140166,0.709756431
288,0.000730795,0.279926868,0.720105249,0.717792333
289,0.000743842,0.291790913,0.723901205,0.722683118
290,0.000938923,0.271694331,0.725568639,0.722762241
291,0.000952483,0.270206054,0.708655043,0.704188239
292,0.000866892,0.262673594,0.717529897,0.712763693
293,0.000780077,0.277408648,0.718683653,0.716112224
294,0.002320946,0.267701595,0.715241438,0.711213565
295,0.001487644,0.276785781,0.714872042,0.711822722
296,0.001221561,0.271069509,0.71585823,0.71224397
297,0.000804481,0.274689547,0.720567453,0.717686113
298,0.000527676,0.285757749,0.724878647,0.722892023
299,0.000496835,0.274785294,0.722238842,0.719863398
300,0.001052518,0.278396934,0.725690081,0.723658616
,,,,
,,,,
,,,,
1,0.253095008,0.244936974,0.500006629,0.338021251
2,0.244615244,0.240191462,0.500510725,0.338849283
3,0.239692109,0.236832431,0.501879288,0.342159873
4,0.234790526,0.233421692,0.502219772,0.342909472
5,0.2296971,0.230247098,0.504275931,0.347979094
6,0.223989004,0.226570567,0.507346912,0.354916071
7,0.219672588,0.223558528,0.509376554,0.358736157
8,0.215619418,0.220375999,0.51193681,0.364471295
9,0.211552293,0.217253944,0.515531774,0.372842391
10,0.207061765,0.214369536,0.516573112,0.375787961
11,0.202878509,0.212593392,0.516906966,0.376227547
12,0.200103825,0.209837459,0.519650721,0.382663087
13,0.195607743,0.208713895,0.524797749,0.394605288
14,0.192617568,0.206426655,0.525478716,0.395975261
15,0.189256783,0.20512031,0.531784289,0.408748691
16,0.18642497,0.203850207,0.53503877,0.415787898
17,0.182530963,0.202658853,0.535739625,0.417808243
18,0.179940238,0.20311197,0.544094728,0.434186945
19,0.177249352,0.199895336,0.542379053,0.430527906
20,0.173759982,0.197810257,0.546995467,0.439830236
21,0.170452195,0.198044808,0.55275717,0.44971183
22,0.167670396,0.197359451,0.549739223,0.445523805
23,0.164313158,0.195651189,0.560104081,0.463828241
24,0.161501692,0.19522264,0.560320727,0.465502155
25,0.159561233,0.193353698,0.565107384,0.474522731
26,0.157138283,0.193326075,0.567347043,0.479139377
27,0.153229088,0.193703243,0.567694156,0.479915607
28,0.150795835,0.192487996,0.57594531,0.496035473
29,0.146473387,0.192136999,0.576409631,0.495702789
30,0.143778407,0.191729121,0.582911963,0.507379963
31,0.140807591,0.191460973,0.583645963,0.509798638
32,0.138705748,0.189562031,0.584654155,0.511159922
33,0.135953128,0.190932215,0.590692166,0.52271033
34,0.13315243,0.190491324,0.594784597,0.52939077
35,0.13005026,0.188903529,0.594928322,0.529074771
36,0.127658275,0.189608469,0.606991086,0.550719908
37,0.125106182,0.189095169,0.612432193,0.558859081
38,0.123114101,0.187810081,0.601129946,0.540304836
39,0.119719043,0.188923359,0.606540024,0.551117443
40,0.117224729,0.19123074,0.612491856,0.559991324
41,0.115084167,0.18802472,0.61143063,0.557698184
42,0.1119198,0.190522386,0.62446844,0.578660739
43,0.110645962,0.189380995,0.620946397,0.574370077
44,0.107618332,0.192878152,0.621163043,0.575418247
45,0.105869322,0.192529478,0.633853741,0.594905371
46,0.103871626,0.194679879,0.634757983,0.596903488
47,0.101904091,0.190416404,0.632976015,0.593299057
48,0.100328916,0.196652764,0.623842624,0.581208338
49,0.098365587,0.19351664,0.640756219,0.605734471
50,0.095630388,0.193816445,0.638162818,0.601635067
51,0.093364624,0.194917744,0.644147795,0.61020906
52,0.091229265,0.194483301,0.640946348,0.606252172
53,0.089585252,0.194200825,0.643787424,0.609463865
54,0.087516447,0.1958153,0.655967396,0.626991881
55,0.085609811,0.195544692,0.651200628,0.62063644
56,0.084540915,0.196422393,0.649184243,0.618246199
57,0.082953549,0.199588023,0.656336514,0.629672323
58,0.080391809,0.200838085,0.66046209,0.635460958
59,0.079701747,0.20334862,0.653528583,0.626926336
60,0.077805901,0.197803921,0.654344529,0.62573828
61,0.076629774,0.201286583,0.649854069,0.620988244
62,0.075375157,0.203490038,0.66073177,0.636818074
63,0.074211048,0.203639222,0.662911767,0.639289037
64,0.072805864,0.201077611,0.662531508,0.638403198
65,0.072356059,0.202710826,0.661169574,0.636646889
66,0.070745939,0.203164356,0.65933669,0.634684592
67,0.068547523,0.20442623,0.664510234,0.641981053
68,0.066430368,0.209478004,0.670006491,0.6509042
69,0.065838222,0.206113711,0.666829444,0.64591772
70,0.065099599,0.205842856,0.667077119,0.64537017
71,0.064534024,0.205517716,0.660654337,0.637637198
72,0.0635831,0.205205006,0.66900944,0.648361996
73,0.062350688,0.203088997,0.666206022,0.64407654
74,0.05937579,0.206100684,0.665945089,0.644493969
75,0.05990923,0.210792444,0.669082361,0.649109252
76,0.057918963,0.210000069,0.675303873,0.657637287
77,0.056968313,0.213955047,0.675834485,0.658453647
78,0.057134371,0.20592401,0.673566192,0.65372723
79,0.054945519,0.211413356,0.673241084,0.654922208
80,0.05440254,0.207126405,0.671019195,0.650590663
81,0.054515403,0.209098341,0.673809355,0.654667363
82,0.052820029,0.212284617,0.67897627,0.661566332
83,0.0516572,0.212283785,0.683364897,0.66796513
84,0.052245909,0.214737128,0.68034695,0.664651991
85,0.049985397,0.213032923,0.66872862,0.648547238
86,0.049994387,0.210724452,0.683586055,0.667322932
87,0.049202781,0.215932058,0.682533576,0.667106343
88,0.047667357,0.213852955,0.68147235,0.665513478
89,0.046952266,0.215781066,0.680857675,0.665272562
90,0.046174824,0.214577658,0.675330389,0.657887188
91,0.046208568,0.215439179,0.67913537,0.663023945
92,0.046312651,0.217429418,0.681932159,0.666972343
93,0.044225527,0.216731208,0.676758615,0.660172864
94,0.043797448,0.217603182,0.67903142,0.66340724
95,0.043199914,0.215732394,0.68521104,0.67000448
96,0.042648676,0.217604504,0.681421434,0.6663547
97,0.042271202,0.217271945,0.678069632,0.662692909
98,0.04119858,0.218395846,0.687406412,0.673747712
99,0.040227932,0.215898888,0.684255881,0.669340064
100,0.040258722,0.21905333,0.684408352,0.670622924
101,0.040360164,0.216829782,0.683641206,0.66908387
102,0.03917172,0.218032876,0.684479156,0.669997176
103,0.038980756,0.216700418,0.683464335,0.668822309
104,0.038660329,0.218367113,0.683143739,0.668580855
105,0.037537199,0.21771364,0.683294093,0.668616976
106,0.037141088,0.216038694,0.680727209,0.665414839
107,0.037502904,0.216389254,0.685277331,0.670573543
108,0.035705205,0.221542665,0.684381835,0.670403488
109,0.035439705,0.219562958,0.686608236,0.673162176
110,0.035359782,0.222736354,0.688737317,0.676279707
111,0.03523598,0.223121355,0.693877715,0.682557506
112,0.035082126,0.223527339,0.686955349,0.673622544
113,0.034462466,0.224300687,0.693707473,0.682357555
114,0.033763647,0.22203855,0.689057912,0.676528032
115,0.032794881,0.221681426,0.685423173,0.671791374
116,0.033013547,0.221554181,0.690340296,0.677519888
117,0.032417865,0.224175683,0.698087354,0.68720699
118,0.031644569,0.222048613,0.693247664,0.681055428
119,0.03136308,0.221721546,0.693614664,0.68166051
120,0.031300626,0.223125544,0.693340473,0.681759572
121,0.030792448,0.225992628,0.694775328,0.683895444
122,0.030052412,0.223570275,0.690452992,0.678396992
123,0.030216465,0.225113819,0.693203377,0.681806735
124,0.02957825,0.221651981,0.680519309,0.666143108
125,0.029027963,0.220306444,0.684969994,0.67044427
126,0.029753754,0.223765388,0.693634552,0.681811366
127,0.028702381,0.223551121,0.687368753,0.674611257
128,0.028559961,0.222170503,0.692062601,0.679695875
129,0.028038889,0.224608462,0.68534574,0.672339617
130,0.028027211,0.227337659,0.696811599,0.68623481
131,0.027424634,0.223840808,0.694852761,0.683413388
132,0.027082418,0.222963463,0.691932135,0.679801118
133,0.026419111,0.224214789,0.688370316,0.675667714
134,0.026330336,0.223897542,0.691198134,0.678583243
135,0.026314448,0.227641611,0.69252241,0.681006127
136,0.026190752,0.226426951,0.691854701,0.680304271
137,0.025624168,0.225095136,0.690125767,0.678096336
138,0.025261691,0.23170345,0.690802222,0.679935007
139,0.025679205,0.224134465,0.686510916,0.673546311
140,0.024750822,0.226301202,0.689851575,0.678198701
141,0.024312998,0.228817714,0.698796955,0.68919666
142,0.02466623,0.228694799,0.697538971,0.687356445
143,0.024153866,0.2224173,0.698721917,0.687667741
144,0.02393631,0.220461682,0.694439357,0.682463891
145,0.023769588,0.224017866,0.690753701,0.678493541
146,0.023274891,0.230603178,0.69780865,0.688240552
147,0.023504839,0.228255201,0.698403438,0.688437847
148,0.022470105,0.221134724,0.69441284,0.682261495
149,0.022517054,0.228504939,0.693656556,0.683029264
150,0.022534267,0.228339875,0.69343991,0.682494427
151,0.021564583,0.224954248,0.68805635,0.675472084
152,0.021611466,0.229009446,0.696177037,0.685771008
153,0.022159717,0.229795938,0.700479485,0.691030345
154,0.021798823,0.226409215,0.696444599,0.685646716
155,0.021059967,0.229368668,0.695719345,0.685550688
156,0.021117261,0.224402006,0.695350228,0.683915252
157,0.020656765,0.228546152,0.696681133,0.686319055
158,0.020761632,0.22937561,0.690349042,0.678700117
159,0.020326361,0.229830097,0.691416897,0.680246577
160,0.020321943,0.235081326,0.693652044,0.68399555
161,0.019917024,0.225307731,0.697963517,0.687341589
162,0.019657596,0.228502567,0.69363004,0.682838039
163,0.020140456,0.223113993,0.694315519,0.682614054
164,0.019865843,0.229741136,0.696497633,0.686026631
165,0.019358103,0.229577186,0.690525913,0.678950413
166,0.019165939,0.22944198,0.696707649,0.686505934
167,0.018926388,0.228817477,0.6971786,0.686820186
168,0.019059897,0.230199065,0.697768875,0.687968419
169,0.018826164,0.228752008,0.697355471,0.687065201
170,0.018460825,0.228613632,0.696871262,0.686657409
171,0.018278716,0.230042774,0.701310806,0.691879861
172,0.018495962,0.227806165,0.70353509,0.693556544
173,0.018042139,0.226700594,0.69522639,0.68405813
174,0.017756811,0.227345647,0.698690888,0.688463792
175,0.017527154,0.224426923,0.693470939,0.681660745
176,0.017535509,0.230354104,0.694631603,0.683888244
177,0.017148223,0.228803918,0.694618344,0.683792419
178,0.017440921,0.226933307,0.695986907,0.68543096
179,0.016865545,0.228308672,0.699758742,0.689971806
180,0.0171114,0.233047275,0.692427206,0.682383962
181,0.016932403,0.22429124,0.699626159,0.689045036
182,0.01699842,0.22346805,0.696024566,0.684666363
183,0.016382015,0.232008123,0.700001905,0.690663435
184,0.016573545,0.231790516,0.700709389,0.691625249
185,0.016034,0.227729316,0.694578569,0.683502816
186,0.016222051,0.231442492,0.696079716,0.686085282
187,0.015718013,0.22761736,0.695286053,0.684492768
188,0.015244065,0.232024751,0.699504438,0.690162876
189,0.015401754,0.232492697,0.702418435,0.693626707
190,0.015379664,0.228549158,0.692922556,0.681847766
191,0.015524168,0.228671762,0.690598834,0.679492867
192,0.01508896,0.228001978,0.696981841,0.686433455
193,0.014955751,0.23163054,0.700879631,0.691821285
194,0.014868502,0.226537122,0.692168668,0.680505906
195,0.014530151,0.230965808,0.704461336,0.695969889
196,0.014859741,0.231517777,0.708874363,0.700943297
197,0.014534283,0.230029934,0.704899141,0.696086226
198,0.014319324,0.229735445,0.703557094,0.694650443
199,0.01452143,0.23051996,0.699347455,0.690055315
200,0.014280488,0.231229407,0.703072886,0.694236408
201,0.014460325,0.231919753,0.702071323,0.693192252
202,0.014099395,0.22902277,0.698403438,0.688437847
203,0.013367171,0.23255953,0.701423502,0.692626069
204,0.01435944,0.227357289,0.703921978,0.69426859
205,0.013929321,0.228782841,0.694638232,0.683936024
206,0.014036916,0.228710007,0.697048133,0.686901876
207,0.013740764,0.229860709,0.708644459,0.700378155
208,0.013331056,0.230270366,0.69689115,0.686796708
209,0.013029533,0.230435917,0.703910836,0.695128059
210,0.012809017,0.229941905,0.703026482,0.693932058
211,0.012896424,0.227925303,0.696280987,0.685495512
212,0.012693424,0.229395266,0.706431316,0.697844642
213,0.013016058,0.230964765,0.70248924,0.69316704
214,0.012776563,0.228796435,0.700472855,0.690985608
215,0.012863722,0.231067721,0.699064517,0.689090536
216,0.012613927,0.237877087,0.706165871,0.69878096
217,0.012794221,0.231133365,0.702162014,0.692862682
218,0.012367098,0.229148437,0.701918852,0.692173344
219,0.012382306,0.230793496,0.703294044,0.693839056
220,0.012261693,0.233616419,0.707191833,0.699125364
221,0.011990228,0.231298,0.706208041,0.697306696
222,0.011968858,0.233733154,0.704848224,0.696653171
223,0.012012683,0.229436227,0.702436206,0.692809879
224,0.012054251,0.23310274,0.708370267,0.700402143
225,0.011677149,0.231625682,0.706674479,0.698501061
226,0.011860082,0.231326765,0.698396809,0.688391863
227,0.011544403,0.230217958,0.700970322,0.691486408
228,0.011370461,0.231317578,0.701684435,0.692494453
229,0.011260508,0.228924052,0.697996662,0.687577409
230,0.011268667,0.231379836,0.6980961,0.688271843
231,0.011314561,0.229198142,0.705206478,0.696261725
232,0.011078656,0.231119548,0.701848048,0.692646652
233,0.011083795,0.229314533,0.698626713,0.688999665
234,0.010919293,0.229115299,0.703687561,0.694585142
235,0.011170613,0.233074016,0.697775504,0.688013989
236,0.010618315,0.228124651,0.702540156,0.692553487
237,0.010777386,0.230070235,0.705887445,0.697044653
238,0.010387463,0.232389973,0.70256879,0.693692689
239,0.010562628,0.231513325,0.703203352,0.694171782
240,0.010467577,0.236414313,0.696663362,0.687177952
241,0.010263431,0.230549304,0.706411429,0.697716926
242,0.010068547,0.232113495,0.704879253,0.695956731
243,0.010289253,0.227381014,0.694395069,0.68320589
244,0.010014959,0.230634399,0.70322324,0.694302268
245,0.010341759,0.230367416,0.703287415,0.693794453
246,0.01018585,0.22870651,0.706077575,0.697368875
247,0.010026131,0.228548673,0.697689325,0.687414849
248,0.009888294,0.232819875,0.702679369,0.693495851
249,0.009847991,0.228754432,0.708611313,0.700169128
250,0.00969357,0.230911163,0.701638031,0.692184008
251,0.009483116,0.23019409,0.701231256,0.691338418
252,0.009195915,0.22837713,0.705166703,0.696000294
253,0.009497927,0.228717872,0.702272594,0.692657833
254,0.009473556,0.235824119,0.703459773,0.694926904
255,0.009339131,0.232826406,0.698763809,0.688970002
256,0.009417159,0.238694603,0.710238414,0.70332272
257,0.009383937,0.231160439,0.706902267,0.69817498
258,0.009205509,0.234174112,0.709418234,0.701727119
259,0.00937515,0.223851826,0.694445986,0.682514263
260,0.009060915,0.231666892,0.705219737,0.696348204
261,0.008988583,0.231404935,0.706751912,0.698107583
262,0.008745367,0.231672156,0.70797675,0.699682976
263,0.008879233,0.235768892,0.707388592,0.699483499
264,0.008550351,0.230485997,0.700406564,0.690533557
265,0.008704323,0.231153579,0.70267274,0.693451821
266,0.008691389,0.229718854,0.706594929,0.697997372
267,0.008712437,0.232319882,0.699190472,0.689947639
268,0.008545485,0.2322379,0.70182816,0.692514059
269,0.008510329,0.233497798,0.70965928,0.701503676
270,0.008682198,0.231839024,0.7065883,0.697954866
271,0.008268005,0.232084542,0.702215048,0.693214183
272,0.008360251,0.233341274,0.701016726,0.691797556
273,0.008348959,0.235172816,0.700559035,0.691560591
274,0.008270996,0.231304828,0.702305739,0.692881608
275,0.008124189,0.232672208,0.705900704,0.697130603
276,0.007947347,0.232019325,0.699988647,0.690574319
277,0.00821142,0.234305591,0.708743897,0.700993108
278,0.008004368,0.230770455,0.704238061,0.695433072
279,0.007732241,0.233783428,0.700906147,0.691995813
280,0.007844181,0.234825201,0.706216787,0.698248437
281,0.007985763,0.233009093,0.70127766,0.691655748
282,0.007717886,0.238949504,0.704837083,0.697435829
283,0.007495616,0.233083393,0.711598231,0.704041292
284,0.007804065,0.230485587,0.70296019,0.693490154
285,0.007538495,0.235157239,0.710609927,0.70308073
286,0.007875131,0.232339986,0.700486114,0.691074998
287,0.007568045,0.231581034,0.707813138,0.699530033
288,0.007409445,0.233122721,0.708887622,0.701024759
289,0.007503437,0.236199814,0.699530955,0.690340222
290,0.00783823,0.236522586,0.710245043,0.70336099
291,0.007424527,0.232585951,0.705993512,0.697723039
292,0.007252956,0.234191014,0.706844721,0.698695456
293,0.007396823,0.230683234,0.705604507,0.696103876
294,0.007288538,0.233114478,0.702221677,0.693257743
295,0.007017693,0.23359748,0.704047932,0.695107742
296,0.006997821,0.233708871,0.704965432,0.6965125
297,0.007147422,0.233542649,0.705436383,0.696843481
298,0.007096635,0.231693048,0.706254445,0.697606887
299,0.007056921,0.235486922,0.709314285,0.701932417
300,0.006946025,0.232588842,0.699373972,0.690232252